Query cluster,Preferred landing page,Status,Title,Description,In sitemap,Internally linked,Missing query terms,Search intent,What to monitor
sgexamhub,/,PASS,SG Exam Hub: Free Singapore Primary Exam Papers | 2026,"Free Singapore primary school exam papers. No sign-up needed. Download 2,299 latest 2025 and 2024 SG exam paper PDFs for Maths, Science, English and Chinese.",yes,yes,,Branded navigation,"CTR, sitelinks, paper clicks"
sg exam hub,/,PASS,SG Exam Hub: Free Singapore Primary Exam Papers | 2026,"Free Singapore primary school exam papers. No sign-up needed. Download 2,299 latest 2025 and 2024 SG exam paper PDFs for Maths, Science, English and Chinese.",yes,yes,,Branded or near-branded discovery,"CTR, homepage average position"
sg exam papers,/,PASS,SG Exam Hub: Free Singapore Primary Exam Papers | 2026,"Free Singapore primary school exam papers. No sign-up needed. Download 2,299 latest 2025 and 2024 SG exam paper PDFs for Maths, Science, English and Chinese.",yes,yes,,Broad Singapore exam paper discovery,"CTR, paper opens, downloads"
singapore exam papers,/,PASS,SG Exam Hub: Free Singapore Primary Exam Papers | 2026,"Free Singapore primary school exam papers. No sign-up needed. Download 2,299 latest 2025 and 2024 SG exam paper PDFs for Maths, Science, English and Chinese.",yes,yes,,Broad Singapore exam paper discovery,"CTR, paper opens, downloads"
singapore primary school exam papers,/,PASS,SG Exam Hub: Free Singapore Primary Exam Papers | 2026,"Free Singapore primary school exam papers. No sign-up needed. Download 2,299 latest 2025 and 2024 SG exam paper PDFs for Maths, Science, English and Chinese.",yes,yes,,Broad discovery,"CTR, homepage average position, paper clicks"
free exam papers,/free-exam-papers,PASS,Free Exam Papers Singapore | Primary PDF Download,"Download free Singapore primary exam papers for P2-P6 Maths, Science, English and Chinese. No sign-up needed. View recent papers online, then save PDFs.",yes,yes,,Broad free PDF paper discovery,"CTR, paper opens, downloads"
free exam papers singapore,/free-exam-papers,PASS,Free Exam Papers Singapore | Primary PDF Download,"Download free Singapore primary exam papers for P2-P6 Maths, Science, English and Chinese. No sign-up needed. View recent papers online, then save PDFs.",yes,yes,,Broad discovery and download,"CTR, paper downloads"
past year exam papers singapore,/past-year-exam-papers,PASS,Past Year Exam Papers Singapore | Primary PDF Download,"Download Singapore primary past year exam papers for P2-P6 Maths, Science, English and Chinese. No sign-up needed. Open recent school papers, then save PDFs.",yes,yes,,Broad past-year paper discovery and download,"CTR, paper opens, downloads"
singapore primary past year exam papers,/past-year-exam-papers,PASS,Past Year Exam Papers Singapore | Primary PDF Download,"Download Singapore primary past year exam papers for P2-P6 Maths, Science, English and Chinese. No sign-up needed. Open recent school papers, then save PDFs.",yes,yes,,Primary past-year PDF search,"CTR, paper opens, downloads"
singapore primary exam papers pdf,/exam-papers,PASS,Singapore Primary Exam Papers PDF | Free Download | SG Exam Hub,"Download 2,299 free Singapore primary exam papers PDF files for P2-P6 Maths, Science, English and Chinese. No sign-up needed. View online for 2026 revision.",yes,yes,,Browse all PDFs,"CTR, paper opens, downloads"
primary school test papers,/test-papers,PASS,Free Test Papers Singapore | Primary PDF Download,"Download free Singapore primary test papers for P2-P6 Maths, Science, English and Chinese. No sign-up needed. View recent school papers, then save PDFs.",yes,yes,,General test paper search,"CTR, paper opens, downloads"
free test papers singapore,/test-papers,PASS,Free Test Papers Singapore | Primary PDF Download,"Download free Singapore primary test papers for P2-P6 Maths, Science, English and Chinese. No sign-up needed. View recent school papers, then save PDFs.",yes,yes,,Free PDF test paper search,"CTR, paper opens, downloads"
singapore primary test papers,/test-papers,PASS,Free Test Papers Singapore | Primary PDF Download,"Download free Singapore primary test papers for P2-P6 Maths, Science, English and Chinese. No sign-up needed. View recent school papers, then save PDFs.",yes,yes,,Broad primary test paper discovery,"CTR, paper opens, downloads"
download exam papers singapore,/download-exam-papers,PASS,Download Exam Papers Singapore | Free Primary PDFs,"Download free Singapore primary exam paper PDFs for P2-P6 Maths, Science, English and Chinese. No sign-up needed. Open papers online, then save PDFs.",yes,yes,,Download-ready PDF paper discovery,"CTR, paper opens, downloads"
primary exam papers pdf download,/download-exam-papers,PASS,Download Exam Papers Singapore | Free Primary PDFs,"Download free Singapore primary exam paper PDFs for P2-P6 Maths, Science, English and Chinese. No sign-up needed. Open papers online, then save PDFs.",yes,yes,,High-intent primary PDF download,"CTR, paper downloads"
download primary school exam papers,/download-exam-papers,PASS,Download Exam Papers Singapore | Free Primary PDFs,"Download free Singapore primary exam paper PDFs for P2-P6 Maths, Science, English and Chinese. No sign-up needed. Open papers online, then save PDFs.",yes,yes,,High-intent primary paper download,"CTR, paper opens, downloads"
singapore primary exam papers download,/download-exam-papers,PASS,Download Exam Papers Singapore | Free Primary PDFs,"Download free Singapore primary exam paper PDFs for P2-P6 Maths, Science, English and Chinese. No sign-up needed. Open papers online, then save PDFs.",yes,yes,,Singapore primary PDF download,"CTR, paper downloads"
top school exam papers singapore,/top-school-exam-papers,PASS,Top School Exam Papers Singapore | Free PDF Download,"Download free Singapore top school exam papers from Raffles, Nanyang, MGS, SCGS, Henry Park, Ai Tong, Tao Nan and more. No sign-up needed. View papers, then save PDFs.",yes,yes,,Top school comparison and download,"CTR, school collection clicks, downloads"
singapore top school exam papers,/top-school-exam-papers,PASS,Top School Exam Papers Singapore | Free PDF Download,"Download free Singapore top school exam papers from Raffles, Nanyang, MGS, SCGS, Henry Park, Ai Tong, Tao Nan and more. No sign-up needed. View papers, then save PDFs.",yes,yes,,Top school paper discovery,"CTR, school collection clicks, downloads"
2026 primary exam papers,/exam-papers/2026-revision,PASS,2026 Primary Exam Papers Revision | SG Exam Hub,"Prepare for 2026 with free Singapore primary school exam papers. No sign-up needed. Use latest 2025 and 2024 PDFs for P2-P6 Maths, Science, English and Chinese.",yes,yes,,Current-year revision using latest available PDFs,"CTR, paper opens, downloads"
primary exam papers 2026 revision,/exam-papers/2026-revision,PASS,2026 Primary Exam Papers Revision | SG Exam Hub,"Prepare for 2026 with free Singapore primary school exam papers. No sign-up needed. Use latest 2025 and 2024 PDFs for P2-P6 Maths, Science, English and Chinese.",yes,yes,,2026 revision planning,"CTR, collection clicks, downloads"
psle revision papers,/exam-papers/psle-revision,PASS,PSLE Practice Papers | Primary 6 Revision PDFs,"Use free PSLE revision papers and Primary 6 practice papers. No sign-up needed. Open recent P6 SA2, Maths, Science, English and Chinese papers, then download PDFs.",yes,yes,,Primary 6 PSLE preparation,"CTR, paper opens, downloads"
psle practice papers,/exam-papers/psle-revision,PASS,PSLE Practice Papers | Primary 6 Revision PDFs,"Use free PSLE revision papers and Primary 6 practice papers. No sign-up needed. Open recent P6 SA2, Maths, Science, English and Chinese papers, then download PDFs.",yes,yes,,PSLE-style timed practice,"CTR, P6 paper downloads"
2025 primary exam papers,/exam-papers/2025,PASS,2025 Exam Papers Free PDF Download | SG Exam Hub,45 free 2025 exam papers. No sign-up needed. Latest available for 2026 revision. View online or download free PDFs.,yes,yes,,Latest paper search,"CTR, paper opens"
2024 primary exam papers,/exam-papers/2024,PASS,2024 Exam Papers Free PDF Download | SG Exam Hub,450 free 2024 exam papers. No sign-up needed. View online or download free PDFs for Singapore primary revision.,yes,yes,,Recent past-year papers,"CTR, downloads"
primary 6 exam papers,/exam-papers/primary-6,PASS,Primary 6 Exam Papers Free PDF Download | SG Exam Hub,510 free Primary 6 exam papers. No sign-up needed. View online or download free PDFs for PSLE revision.,yes,yes,,Level-specific revision,"CTR, paper opens"
primary 5 exam papers,/exam-papers/primary-5,PASS,Primary 5 Exam Papers Free PDF Download | SG Exam Hub,559 free Primary 5 exam papers. No sign-up needed. View online or download free PDFs for Singapore primary revision.,yes,yes,,Level-specific revision,"CTR, paper opens"
primary 4 exam papers,/exam-papers/primary-4,PASS,Primary 4 Exam Papers Free PDF Download | SG Exam Hub,597 free Primary 4 exam papers. No sign-up needed. View online or download free PDFs for Singapore primary revision.,yes,yes,,Level-specific revision,"CTR, paper opens"
primary 3 exam papers,/exam-papers/primary-3,PASS,Primary 3 Exam Papers Free PDF Download | SG Exam Hub,559 free Primary 3 exam papers. No sign-up needed. View online or download free PDFs for Singapore primary revision.,yes,yes,,Level-specific revision,"CTR, paper opens"
primary 2 exam papers,/exam-papers/primary-2,PASS,Primary 2 Exam Papers Free PDF Download | SG Exam Hub,74 free Primary 2 exam papers. No sign-up needed. View online or download free PDFs for Singapore primary revision.,yes,yes,,Lower-primary papers,"CTR, paper opens"
primary 6 maths exam papers,/exam-papers/primary-6-mathematics,PASS,Primary 6 Maths Exam Papers Free PDF Download | SG Exam Hub,140 free Primary 6 Maths exam papers. No sign-up needed. View online or download free PDFs for PSLE revision.,yes,yes,,P6 Maths practice,"CTR, Maths paper downloads"
primary 6 science exam papers,/exam-papers/primary-6-science,PASS,Primary 6 Science Exam Papers Free PDF Download | SG Exam Hub,152 free Primary 6 Science exam papers. No sign-up needed. View online or download free PDFs for PSLE revision.,yes,yes,,P6 Science practice,"CTR, Science paper downloads"
primary 6 english exam papers,/exam-papers/primary-6-english,PASS,Primary 6 English Exam Papers Free PDF Download | SG Exam Hub,115 free Primary 6 English exam papers. No sign-up needed. View online or download free PDFs for PSLE revision.,yes,yes,,P6 English practice,"CTR, English paper opens"
primary 6 chinese exam papers,/exam-papers/primary-6-chinese,PASS,Primary 6 Chinese Exam Papers Free PDF Download | SG Exam Hub,103 free Primary 6 Chinese exam papers. No sign-up needed. View online or download free PDFs for PSLE revision.,yes,yes,,P6 Chinese practice,"CTR, Chinese paper opens and downloads"
primary 5 maths exam papers,/exam-papers/primary-5-mathematics,PASS,Primary 5 Maths Exam Papers Free PDF Download | SG Exam Hub,127 free Primary 5 Maths exam papers. No sign-up needed. View online or download free PDFs for Singapore primary revision.,yes,yes,,P5 Maths practice,"CTR, downloads"
primary 5 science exam papers,/exam-papers/primary-5-science,PASS,Primary 5 Science Exam Papers Free PDF Download | SG Exam Hub,169 free Primary 5 Science exam papers. No sign-up needed. View online or download free PDFs for Singapore primary revision.,yes,yes,,P5 Science practice,"CTR, downloads"
primary 5 english exam papers,/exam-papers/primary-5-english,PASS,Primary 5 English Exam Papers Free PDF Download | SG Exam Hub,156 free Primary 5 English exam papers. No sign-up needed. View online or download free PDFs for Singapore primary revision.,yes,yes,,P5 English practice,"CTR, English paper opens"
primary 5 chinese exam papers,/exam-papers/primary-5-chinese,PASS,Primary 5 Chinese Exam Papers Free PDF Download | SG Exam Hub,107 free Primary 5 Chinese exam papers. No sign-up needed. View online or download free PDFs for Singapore primary revision.,yes,yes,,P5 Chinese practice,"CTR, Chinese paper opens and downloads"
primary 4 maths exam papers,/exam-papers/primary-4-mathematics,PASS,Primary 4 Maths Exam Papers Free PDF Download | SG Exam Hub,149 free Primary 4 Maths exam papers. No sign-up needed. View online or download free PDFs for Singapore primary revision.,yes,yes,,P4 Maths practice,"CTR, downloads"
primary 4 science exam papers,/exam-papers/primary-4-science,PASS,Primary 4 Science Exam Papers Free PDF Download | SG Exam Hub,145 free Primary 4 Science exam papers. No sign-up needed. View online or download free PDFs for Singapore primary revision.,yes,yes,,P4 Science practice,"CTR, Science paper opens and downloads"
primary 4 english exam papers,/exam-papers/primary-4-english,PASS,Primary 4 English Exam Papers Free PDF Download | SG Exam Hub,187 free Primary 4 English exam papers. No sign-up needed. View online or download free PDFs for Singapore primary revision.,yes,yes,,P4 English practice,"CTR, English paper opens"
primary 4 chinese exam papers,/exam-papers/primary-4-chinese,PASS,Primary 4 Chinese Exam Papers Free PDF Download | SG Exam Hub,96 free Primary 4 Chinese exam papers. No sign-up needed. View online or download free PDFs for Singapore primary revision.,yes,yes,,P4 Chinese practice,"CTR, Chinese paper opens and downloads"
primary 3 maths exam papers,/exam-papers/primary-3-mathematics,PASS,Primary 3 Maths Exam Papers Free PDF Download | SG Exam Hub,186 free Primary 3 Maths exam papers. No sign-up needed. View online or download free PDFs for Singapore primary revision.,yes,yes,,P3 Maths practice,"CTR, Maths paper opens and downloads"
primary 3 science exam papers,/exam-papers/primary-3-science,PASS,Primary 3 Science Exam Papers Free PDF Download | SG Exam Hub,128 free Primary 3 Science exam papers. No sign-up needed. View online or download free PDFs for Singapore primary revision.,yes,yes,,P3 Science practice,"CTR, Science paper opens and downloads"
primary 3 english exam papers,/exam-papers/primary-3-english,PASS,Primary 3 English Exam Papers Free PDF Download | SG Exam Hub,144 free Primary 3 English exam papers. No sign-up needed. View online or download free PDFs for Singapore primary revision.,yes,yes,,P3 English practice,"CTR, English paper opens"
primary 3 chinese exam papers,/exam-papers/primary-3-chinese,PASS,Primary 3 Chinese Exam Papers Free PDF Download | SG Exam Hub,84 free Primary 3 Chinese exam papers. No sign-up needed. View online or download free PDFs for Singapore primary revision.,yes,yes,,P3 Chinese practice,"CTR, Chinese paper opens and downloads"
primary 3 higher chinese exam papers,/exam-papers/primary-3-higher-chinese,PASS,Primary 3 Higher Chinese Exam Papers Free PDF Download | SG Exam Hub,17 free Primary 3 Higher Chinese exam papers. No sign-up needed. View online or download free PDFs for Singapore primary revision.,yes,yes,,P3 Higher Chinese practice,"CTR, Higher Chinese paper opens"
higher chinese exam papers,/exam-papers/higher-chinese,PASS,Higher Chinese Exam Papers Free PDF Download | SG Exam Hub,37 free Higher Chinese exam papers. No sign-up needed. View online or download free PDFs for Singapore primary revision.,yes,yes,,Higher Chinese papers,"CTR, paper opens"
2025 primary 6 maths exam papers,/exam-papers/2025-primary-6-mathematics,PASS,2025 Primary 6 Maths Exam Papers Free PDF Download | SG Exam Hub,12 free 2025 Primary 6 Maths exam papers. No sign-up needed. View online or download free PDFs for PSLE revision.,yes,yes,,Latest P6 Maths papers,"CTR, paper downloads"
2025 primary 6 science exam papers,/exam-papers/2025-primary-6-science,PASS,2025 Primary 6 Science Exam Papers Free PDF Download | SG Exam Hub,12 free 2025 Primary 6 Science exam papers. No sign-up needed. View online or download free PDFs for PSLE revision.,yes,yes,,Latest P6 Science papers,"CTR, paper downloads"
2025 primary 6 English exam papers,/exam-papers/2025-primary-6-english,PASS,2025 Primary 6 English Exam Papers Free PDF Download | SG Exam Hub,12 free 2025 Primary 6 English exam papers. No sign-up needed. View online or download free PDFs for PSLE revision.,yes,yes,,Latest P6 English papers,"CTR, paper opens and downloads"
2025 primary 6 Chinese exam papers,/exam-papers/2025-primary-6-chinese,PASS,2025 Primary 6 Chinese Exam Papers Free PDF Download | SG Exam Hub,9 free 2025 Primary 6 Chinese exam papers. No sign-up needed. View online or download free PDFs for PSLE revision.,yes,yes,,Latest P6 Chinese papers,"CTR, paper opens and downloads"
2025 primary 6 SA2 exam papers,/exam-papers/2025-primary-6-sa2,PASS,2025 Primary 6 SA2 Exam Papers Free PDF Download | SG Exam Hub,45 free 2025 Primary 6 SA2 exam papers. No sign-up needed. View online or download free PDFs for PSLE revision.,yes,yes,,Latest P6 SA2 papers,"CTR, paper opens"
2025 primary 6 maths SA2 exam papers,/exam-papers/2025-primary-6-mathematics-sa2,PASS,2025 Primary 6 Maths SA2 Exam Papers Free PDF Download | SG Exam Hub,12 free 2025 Primary 6 Maths SA2 exam papers. No sign-up needed. View online or download free PDFs for PSLE revision.,yes,yes,,Latest P6 Maths final assessment papers,"CTR, paper downloads"
2025 primary 6 science SA2 exam papers,/exam-papers/2025-primary-6-science-sa2,PASS,2025 Primary 6 Science SA2 Exam Papers Free PDF Download | SG Exam Hub,12 free 2025 Primary 6 Science SA2 exam papers. No sign-up needed. View online or download free PDFs for PSLE revision.,yes,yes,,Latest P6 Science final assessment papers,"CTR, paper downloads"
2025 primary 6 English SA2 exam papers,/exam-papers/2025-primary-6-english-sa2,PASS,2025 Primary 6 English SA2 Exam Papers Free PDF Download | SG Exam Hub,12 free 2025 Primary 6 English SA2 exam papers. No sign-up needed. View online or download free PDFs for PSLE revision.,yes,yes,,Latest P6 English final assessment papers,"CTR, paper opens and downloads"
2025 primary 6 Chinese SA2 exam papers,/exam-papers/2025-primary-6-chinese-sa2,PASS,2025 Primary 6 Chinese SA2 Exam Papers Free PDF Download | SG Exam Hub,9 free 2025 Primary 6 Chinese SA2 exam papers. No sign-up needed. View online or download free PDFs for PSLE revision.,yes,yes,,Latest P6 Chinese final assessment papers,"CTR, paper opens and downloads"
primary 6 maths SA2 exam papers,/exam-papers/primary-6-mathematics-sa2,PASS,Primary 6 Maths SA2 Exam Papers Free PDF Download | SG Exam Hub,80 free Primary 6 Maths SA2 exam papers. No sign-up needed. View online or download free PDFs for PSLE revision.,yes,yes,,P6 Maths SA2 practice,"CTR, paper downloads"
primary 6 science SA2 exam papers,/exam-papers/primary-6-science-sa2,PASS,Primary 6 Science SA2 Exam Papers Free PDF Download | SG Exam Hub,89 free Primary 6 Science SA2 exam papers. No sign-up needed. View online or download free PDFs for PSLE revision.,yes,yes,,P6 Science SA2 practice,"CTR, paper downloads"
primary 6 English SA2 exam papers,/exam-papers/primary-6-english-sa2,PASS,Primary 6 English SA2 Exam Papers Free PDF Download | SG Exam Hub,76 free Primary 6 English SA2 exam papers. No sign-up needed. View online or download free PDFs for PSLE revision.,yes,yes,,P6 English SA2 practice,"CTR, paper opens and downloads"
primary 6 Chinese SA2 exam papers,/exam-papers/primary-6-chinese-sa2,PASS,Primary 6 Chinese SA2 Exam Papers Free PDF Download | SG Exam Hub,65 free Primary 6 Chinese SA2 exam papers. No sign-up needed. View online or download free PDFs for PSLE revision.,yes,yes,,P6 Chinese SA2 practice,"CTR, paper opens and downloads"
primary 6 SA2 exam papers,/exam-papers/primary-6-sa2,PASS,Primary 6 SA2 Exam Papers Free PDF Download | SG Exam Hub,310 free Primary 6 SA2 exam papers. No sign-up needed. View online or download free PDFs for PSLE revision.,yes,yes,,P6 final assessment practice,"CTR, downloads"
primary 6 SA1 exam papers,/exam-papers/primary-6-sa1,PASS,Primary 6 SA1 Exam Papers Free PDF Download | SG Exam Hub,82 free Primary 6 SA1 exam papers. No sign-up needed. View online or download free PDFs for PSLE revision.,yes,yes,,P6 mid-year practice,"CTR, downloads"
SA2 exam papers,/exam-papers/sa2,PASS,SA2 Exam Papers Free PDF Download | SG Exam Hub,"1,111 free SA2 exam papers. No sign-up needed. View online or download free PDFs for Singapore primary timed practice.",yes,yes,,Broad SA2 practice,"CTR, paper opens"
SA1 exam papers,/exam-papers/sa1,PASS,SA1 Exam Papers Free PDF Download | SG Exam Hub,356 free SA1 exam papers. No sign-up needed. View online or download free PDFs for Singapore primary timed practice.,yes,yes,,Broad SA1 practice,"CTR, paper opens"
WA1 exam papers,/exam-papers/wa1,PASS,WA1 Exam Papers Free PDF Download | SG Exam Hub,409 free WA1 exam papers. No sign-up needed. View online or download free PDFs for Singapore primary timed practice.,yes,yes,,Weighted assessment practice,"CTR, paper opens"
WA2 exam papers,/exam-papers/wa2,PASS,WA2 Exam Papers Free PDF Download | SG Exam Hub,351 free WA2 exam papers. No sign-up needed. View online or download free PDFs for Singapore primary timed practice.,yes,yes,,Weighted assessment practice,"CTR, paper opens"
WA3 exam papers,/exam-papers/wa3,PASS,WA3 Exam Papers Free PDF Download | SG Exam Hub,70 free WA3 exam papers. No sign-up needed. View online or download free PDFs for Singapore primary timed practice.,yes,yes,,Weighted assessment practice,"CTR, paper opens"
raffles girls primary school exam papers,/exam-papers/school-raffles-girls-primary-school,PASS,Raffles Girls' Primary School Exam Papers Free PDF Download,"147 free Raffles Girls' Primary School exam papers. No sign-up needed. Compare school papers online, then download free PDFs for revision.",yes,yes,,School-specific papers,"CTR, downloads"
2025 raffles girls primary school SA2 exam papers,/exam-papers/2025-sa2-school-raffles-girls-primary-school,PASS,2025 SA2 Raffles Girls' Primary School Exam Papers Free PDF Download,"4 free 2025 SA2 Raffles Girls' Primary School exam papers. No sign-up needed. Compare school papers online, then download free PDFs for revision.",yes,yes,,Latest school-specific final assessment papers,"CTR, paper opens, downloads"
nanyang primary school exam papers,/exam-papers/school-nanyang-primary-school,PASS,Nanyang Primary School Exam Papers Free PDF Download | SG Exam Hub,"173 free Nanyang Primary School exam papers. No sign-up needed. Compare school papers online, then download free PDFs for revision.",yes,yes,,School-specific papers,"CTR, downloads"
2025 nanyang primary school SA2 exam papers,/exam-papers/2025-sa2-school-nanyang-primary-school,PASS,2025 SA2 Nanyang Primary School Exam Papers Free PDF Download,"3 free 2025 SA2 Nanyang Primary School exam papers. No sign-up needed. Compare school papers online, then download free PDFs for revision.",yes,yes,,Latest school-specific final assessment papers,"CTR, paper opens, downloads"
nanyang primary p6 maths exam papers,/exam-papers/primary-6-mathematics-school-nanyang-primary-school,PASS,Primary 6 Maths Nanyang Primary School Exam Papers Free PDF Download,"13 free Primary 6 Maths Nanyang Primary School exam papers. No sign-up needed. Compare school papers online, then download free PDFs for revision.",yes,yes,,School and subject-specific practice,"CTR, paper downloads"
nanyang primary p6 science exam papers,/exam-papers/primary-6-science-school-nanyang-primary-school,PASS,Primary 6 Science Nanyang Primary School Exam Papers Free PDF Download,"13 free Primary 6 Science Nanyang Primary School exam papers. No sign-up needed. Compare school papers online, then download free PDFs for revision.",yes,yes,,School and subject-specific practice,"CTR, paper downloads"
henry park primary school exam papers,/exam-papers/school-henry-park-primary-school,PASS,Henry Park Primary School Exam Papers Free PDF Download | SG Exam Hub,"162 free Henry Park Primary School exam papers. No sign-up needed. Compare school papers online, then download free PDFs for revision.",yes,yes,,School-specific papers,"CTR, downloads"
2025 henry park primary school SA2 exam papers,/exam-papers/2025-sa2-school-henry-park-primary-school,PASS,2025 SA2 Henry Park Primary School Exam Papers Free PDF Download,"4 free 2025 SA2 Henry Park Primary School exam papers. No sign-up needed. Compare school papers online, then download free PDFs for revision.",yes,yes,,Latest school-specific final assessment papers,"CTR, paper opens, downloads"
henry park primary p6 maths exam papers,/exam-papers/primary-6-mathematics-school-henry-park-primary-school,PASS,P6 Maths Henry Park Primary School Exam Papers Free PDF Download,"9 free Primary 6 Maths Henry Park Primary School exam papers. No sign-up needed. Compare school papers online, then download free PDFs for revision.",yes,yes,,School and subject-specific practice,"CTR, paper downloads"
methodist girls school primary exam papers,/exam-papers/school-methodist-girls-school-primary,PASS,Methodist Girls' School (Primary) Exam Papers Free PDF Download,"120 free Methodist Girls' School (Primary) exam papers. No sign-up needed. Compare school papers online, then download free PDFs for revision.",yes,yes,,School-specific papers,"CTR, school page clicks, downloads"
singapore chinese girls primary school exam papers,/exam-papers/school-singapore-chinese-girls-primary-school,PASS,Singapore Chinese Girls' Primary School Exam Papers Free PDF Download,"114 free Singapore Chinese Girls' Primary School exam papers. No sign-up needed. Compare school papers online, then download free PDFs for revision.",yes,yes,,School-specific papers,"CTR, school page clicks, downloads"
chij st nicholas girls school exam papers,/exam-papers/school-chij-st-nicholas-girls-school,PASS,CHIJ St. Nicholas Girls' School Exam Papers Free PDF Download,"64 free CHIJ St. Nicholas Girls' School exam papers. No sign-up needed. Compare school papers online, then download free PDFs for revision.",yes,yes,,School-specific papers,"CTR, school page clicks, downloads"
anglo chinese school primary exam papers,/exam-papers/school-anglo-chinese-school-primary,PASS,Anglo-Chinese School (Primary) Exam Papers Free PDF Download,"107 free Anglo-Chinese School (Primary) exam papers. No sign-up needed. Compare school papers online, then download free PDFs for revision.",yes,yes,,School-specific papers,"CTR, school page clicks, downloads"
anglo chinese school junior exam papers,/exam-papers/school-anglo-chinese-school-junior,PASS,Anglo-Chinese School (Junior) Exam Papers Free PDF Download,"90 free Anglo-Chinese School (Junior) exam papers. No sign-up needed. Compare school papers online, then download free PDFs for revision.",yes,yes,,School-specific papers,"CTR, school page clicks, downloads"
pei hwa presbyterian primary school exam papers,/exam-papers/school-pei-hwa-presbyterian-primary-school,PASS,Pei Hwa Presbyterian Primary School Exam Papers Free PDF Download,"49 free Pei Hwa Presbyterian Primary School exam papers. No sign-up needed. Compare school papers online, then download free PDFs for revision.",yes,yes,,School-specific papers,"CTR, school page clicks, downloads"
red swastika school exam papers,/exam-papers/school-red-swastika-school,PASS,Red Swastika School Exam Papers Free PDF Download | SG Exam Hub,"161 free Red Swastika School exam papers. No sign-up needed. Compare school papers online, then download free PDFs for revision.",yes,yes,,School-specific papers,"CTR, school page clicks, downloads"
tao nan school exam papers,/exam-papers/school-tao-nan-school,PASS,Tao Nan School Exam Papers Free PDF Download | SG Exam Hub,"162 free Tao Nan School exam papers. No sign-up needed. Compare school papers online, then download free PDFs for revision.",yes,yes,,School-specific papers,"CTR, school page clicks, downloads"
ai tong school exam papers,/exam-papers/school-ai-tong-school,PASS,Ai Tong School Exam Papers Free PDF Download | SG Exam Hub,"66 free Ai Tong School exam papers. No sign-up needed. Compare school papers online, then download free PDFs for revision.",yes,yes,,School-specific papers,"CTR, downloads"
nan hua primary school exam papers,/exam-papers/school-nan-hua-primary-school,PASS,Nan Hua Primary School Exam Papers Free PDF Download | SG Exam Hub,"182 free Nan Hua Primary School exam papers. No sign-up needed. Compare school papers online, then download free PDFs for revision.",yes,yes,,School-specific papers,"CTR, downloads"
nan hua primary p6 science exam papers,/exam-papers/primary-6-science-school-nan-hua-primary-school,PASS,Primary 6 Science Nan Hua Primary School Exam Papers Free PDF Download,"12 free Primary 6 Science Nan Hua Primary School exam papers. No sign-up needed. Compare school papers online, then download free PDFs for revision.",yes,yes,,School and subject-specific practice,"CTR, paper downloads"
rosyth school exam papers,/exam-papers/school-rosyth-school,PASS,Rosyth School Exam Papers Free PDF Download | SG Exam Hub,"163 free Rosyth School exam papers. No sign-up needed. Compare school papers online, then download free PDFs for revision.",yes,yes,,School-specific papers,"CTR, downloads"
